no,business-name,track-visit-website href,phones,locality,street-address,distance
1,Courtyard by Marriott,http://www.courtyard.com/,(305) 642-1049,"Miami, FL 33135",,
2,Holiday Inn,https://www.ihg.com/holidayinn/redirect?path=home&regionCode=1&localeCode=en&_PMID=99602381&setPMCookies=true&brandCode=HI&cm_mmc=mdpr-_-yellowpages-_-natpll-_-&glat=MEDI,(877) 654-0232,,,
3,Holiday Inn Express,https://www.ihg.com/holidayinnexpress/redirect?path=home&regionCode=1&localeCode=en&_PMID=99602381&setPMCookies=true&brandCode=EX&cm_mmc=mdpr-_-yellowpages-_-tile-_-&glat=MEDI,(877) 654-0232,,,
4,IHG Hotels & Resorts,https://www.ihg.com/redirect?path=home&regionCode=1&localeCode=en&_PMID=99602381&setPMCookies=true&brandCode=6C&cm_mmc=mdpr-_-yellowpages-_-platinum-_-&glat=MEDI,(877) 654-0232,,,
5,avid hotels,https://www.ihg.com/avidhotels/redirect?path=home&regionCode=1&localeCode=en&_PMID=99602381&setPMCookies=true&brandCode=VA&cm_mmc=mdpr-_-yellowpages-_-platinum-_-&glat=MEDI,(877) 654-0232,,,
6,Best Western Plus Miami Executive Airport Hotel & Suites,https://www.bestwestern.com/en_US/book/hotel-rooms.10398.html?iata=00171890&ssob=BLBWI0003G&cid=BLBWI0003G:yext:website:10398,(305) 969-1600,"Miami, FL 33186",13700 SW 139th Ct,2.3 miles
7,Erg Hotel Inc,,(305) 254-3003,"Miami, FL 33186",13700 SW 139th Ct,2.3 miles
8,Koala Tours And Transportation,http://koalatoursandtransportation.com/,(754) 265-6987,"Miami, FL 33138",,
9,Le Pavilion At Hotel Inter-Continental,,(305) 372-4494,"Miami, FL 33101",,
10,Biltmore Bar,http://www.biltmorehotel.com/dining/bar.php,(305) 445-1926,"Miami, FL 33125",,
11,Hotel Victor,http://www.hotelvictorsouthbeach.com/,(305) 779-8700,,,
12,Massaro Group Inc,,(844) 627-7276,"Miami Beach, FL 33139",,
13,Tres Palmas Inn,http://www.trespalmasinn.com/,(888) 290-2076,,,
14,Metro Hotel Couva,,(868) 221-5987,,,
15,Hotel Indigo,https://www.miamilakeshotelandgolf.com/?utm_source=local-directories&utm_medium=organic&utm_campaign=travelclick-localconnect,(877) 887-9471,,,
16,Bookohotel,http://bookohotel.com/,(786) 581-4146,,,
17,Touristguidepanama.Com,,(786) 474-7993,,,
18,Marriott's,,(786) 250-3101,,,
19,Khr,,(305) 255-6463,"Miami, FL 33186",14471 SW 139th Avenue Cir W,1.8 miles
20,CruiseOne,http://www.7starcruises.com/,(408) 952-9148,"Miami, FL 33130",,
21,Global Hotel Co,,(305) 597-9851,"Miami, FL 33101",,
22,Palmer House Hotel,,(305) 673-6970,"Miami Beach, FL 33139",,
23,European Hotels,,(305) 535-9723,"Miami Beach, FL 33139",,
24,Venezia Hotel,,(305) 531-9288,"Miami Beach, FL 33139",,
25,South Florida Teen Travel,,(561) 703-1252,,,
26,Island Outpost Hotels,,(305) 604-5000,"Miami Beach, FL 33139",,
27,GetARoom,http://www.getaroom.com/,(800) 468-3578,,,
28,Hyatt Miami at the Blue,http://theblue.hyatt.com/hyatt/hotels/index.jsp?src=agn_mls_hyt_lk_localeze_miahb,,,,
29,Hyatt Hotels & Resorts,,(888) 362-0088,,,
30,adultvacationonly.net,,(305) 224-0940,,,
31,Four Points by Sheraton Miami Beach,http://www.starwoodhotels.com/fourpoints,(305) 531-7494,,,
32,Miami Airport Marriott,https://www.marriott.com/hotels/travel/miaap-miami-airport-marriott/?scid=45f93f1b-bd77-45c9-8dab-83b6a417f6fe,(305) 649-5000,,,
33,Sofitel Hotel,http://larivieramiami.com/,(305) 264-4888,,,
34,La Quinta,http://www.laquinta.com/,(305) 278-0001,"Cutler Bay, FL 33189",10821 Caribbean Blvd,3.4 miles
35,Holiday Inn Express & Suites Miami-Kendall,https://www.hiexpress.com/redirect?path=hd&brandCode=ex&hotelCode=miafl&_PMID=99601036&setPMCookies=true&cm_mmc=mdpr-_-yellowpages-_-ex-_-MIAFL&glat=MEDI,(800) 345-8082,"Miami, FL 33186",13475 SW 131st St,2.6 miles
36,Six Continents Hotels Inc,,(305) 964-4999,"Miami, FL 33186",13600 SW 139th Ct,2.4 miles
37,Candlewood Suites Miami Exec Airport - Kendall,https://www.candlewoodsuites.com/redirect?path=hd&brandCode=cw&hotelCode=miaka&_PMID=99601036&setPMCookies=true&cm_mmc=mdpr-_-yellowpages-_-cw-_-MIAKA&glat=MEDI,(800) 980-6467,"Miami, FL 33186",13600 SW 142nd Court Cir S,4.2 miles
38,The Village Chalet,http://www.cauleysquare.com/,(305) 258-8900,"Miami, FL 33170",12312 SW 224th St,3.6 miles
39,WoodSpring Suites Miami Southwest,https://www.woodspring.com/extended-stay-hotels/locations/florida/miami/woodspring-suites-miami-southwest,(786) 509-7373,"Palmetto Bay, FL 33157",16055 SW 89th Avenue Rd,4.6 miles
40,Holiday Inn Express & Suites Kendall East - Miami,https://www.hiexpress.com/redirect?path=hd&brandCode=ex&hotelCode=miall&_PMID=99601036&setPMCookies=true&cm_mmc=mdpr-_-yellowpages-_-ex-_-MIALL&glat=MEDI,(800) 345-8082,"Miami, FL 33176",11520 N Kendall Dr,5.7 miles
41,Puerta Del Sol,,(305) 270-4820,"Miami, FL 33176",9958 N Kendall Dr,6.4 miles
42,TownePlace Suites Miami Kendall West,http://www.marriott.com/towneplace-suites/travel.mi,(305) 383-5511,"Miami, FL 33196",9055 SW 162nd Path,5.9 miles
43,Hilton Miami Dadeland,https://ad.doubleclick.net/ddm/clk/317271033;145636969;l;u=Y_MIADAHH_W_D?http://www3.hilton.com/en_US/hi/doorway/index.htm?sourceCode=00081391&redirectURL=http%3A%2F%2Fwww3.hilton.com%2Fen%2Fhotels%2F0%2FMIADAHH%2Findex.html%3FWT.mc_id%3DzDA01MB2OLG34YX,(786) 975-1920,"Miami, FL 33176",9100 N Kendall Dr,6.9 miles
44,Kendall Hotel and Suites,,(305) 279-7700,"Miami, FL 33176",9100 N Kendall Dr,6.9 miles
45,America's Best Inn,http://www.americasbestinns.com/,(305) 258-3034,"Homestead, FL 33032",26476 S Dixie Hwy,6.1 miles
46,Radisson,http://www.kendallhotelandsuites.com/,(305) 279-7700,"Miami, FL 33176",9100 N Kendall Dr,6.9 miles
47,Country Inns & Suites,http://countryinns.com/,(305) 270-0359,"Miami, FL 33183",11750 Mills Dr,5.9 miles
48,Hampton Inn by Hilton,http://www.hamptoninn.com/,(305) 257-7000,"Homestead, FL 33033",2855 NE 9th St,9.1 miles
49,Aloft Miami Dadeland,http://www.aloftmiamidadeland.com/,(305) 595-6000,"Miami, FL 33156",7600 N Kendall Dr,7.9 miles
50,Silver Palms and Dadeland,,(305) 669-2798,"Miami, FL 33143",7403 SW 82nd St,8.5 miles
51,Marvel Travel Inc,http://www.marvelvacations.com/,(305) 226-0909,"Miami, FL 33165",10971 Sw 40th St,8.9 miles
52,Air Boat USA,http://www.airboatusa.com/,(305) 247-7469,"Homestead, FL 33031",19305 SW 264th St,8.4 miles
53,Shaner Hotel Group,http://www.marriotte.com/,(786) 650-2222,"Homestead, FL 33033",935 NE 30th Ter,9 miles
54,A-1 Budget Motel,http://www.a1budget.com/,(305) 247-7032,"Homestead, FL 33030",1300 N Homestead Blvd,9.3 miles
55,Mdm Hotel Group Inc,http://mdmusa.com/,(305) 671-5110,"Miami, FL 33156",9090 S Dadeland Blvd,8 miles
56,TravelersBest,,(305) 386-5925,"Miami, FL 33175",4635 SW 117th Ave,8.2 miles
57,Cahill Paul,,(305) 412-0228,"Miami, FL 33173",7655 SW 88th Pl,7.7 miles
58,Whitney's-Marriott Dadeland,http://www.marriott.com/MIADD,(305) 670-1035,"Miami, FL 33156",9090 S Dadeland Blvd,8 miles
59,DC Hotels,,(305) 670-2244,"Miami, FL 33156",9075 S Dadeland Blvd,8 miles
61,A-1 Budget Motel,http://www.a1budget.com/,(305) 247-7032,"Homestead, FL 33030",1300 N Homestead Blvd,9.3 miles
62,Mdm Hotel Group Inc,http://mdmusa.com/,(305) 671-5110,"Miami, FL 33156",9090 S Dadeland Blvd,8 miles
63,TravelersBest,,(305) 386-5925,"Miami, FL 33175",4635 SW 117th Ave,8.2 miles
64,Hampton Inn Miami Dadeland,https://ad.doubleclick.net/ddm/clk/317271033;145636969;l;u=Y_MIADLHX_W_D?http://www3.hilton.com/en_US/hi/doorway/index.htm?sourceCode=00081391&redirectURL=http%3A%2F%2Fwww3.hilton.com%2Fen%2Fhotels%2F0%2FMIADLHX%2Findex.html%3FWT.mc_id%3DzDA01MB2OLG34YX,(305) 269-0072,"Miami, FL 33143",8200 SW 70th Ave,8.8 miles
65,Cahill Paul,,(305) 412-0228,"Miami, FL 33173",7655 SW 88th Pl,7.7 miles
66,Whitney's-Marriott Dadeland,http://www.marriott.com/MIADD,(305) 670-1035,"Miami, FL 33156",9090 S Dadeland Blvd,8 miles
67,Courtyard by Marriott Miami Dadeland,https://www.marriott.com/hotels/travel/miacy-courtyard-miami-dadeland/?scid=45f93f1b-bd77-45c9-8dab-83b6a417f6fe,(305) 670-1220,"Miami, FL 33156",9075 S Dadeland Blvd,8 miles
68,DC Hotels,,(305) 670-2244,"Miami, FL 33156",9075 S Dadeland Blvd,8 miles
69,Deluxe Inn Motel,,(305) 248-5622,"Homestead, FL 33033",28475 S Dixie Hwy,7.6 miles
70,Unique Vacations,http://www.sandals.com/,(305) 284-1300,"Miami, FL 33155",4950 SW 72nd Ave,10.1 miles
71,C I G Hospitality,,(305) 667-9767,"Miami, FL 33155",4702 SW 74th Ave,10.1 miles
72,J & J Hospitality Group,,(786) 717-5994,"South Miami, FL 33143",6800 SW 57th Ave,10.3 miles
73,Baymont Inn & Suites,http://www.baymontinns.com/,(305) 790-3477,"Florida City, FL 33034",553 NE 1st Ave,11.3 miles
74,Miami Hotels,,(305) 248-4300,"Homestead, FL 33030",Hmsd,9.7 miles
75,Tradewinds Motel,http://tradewindsmotel.net/,(305) 247-5050,"Homestead, FL 33030",846 N Krome Ave,9.9 miles
76,Budget Host Inn,http://www.budgethost.com/,(305) 248-2741,"Homestead, FL 33030",815 N Krome Ave,10 miles
77,Uptown Suites Extended Stay Miami FL – Homestead,http://res.windsurfercrs.com/ibe/index.aspx?propertyID=15335&promo=trip&nights=7,(866) 879-8943,"Florida City, FL 33034",1071 NW 3rd Ave,11.2 miles
78,"Home2 Suites by Hilton Florida City, FL",https://ad.doubleclick.net/ddm/clk/317271033;145636969;l;u=Y_MIAFAHT_W_D?http://www3.hilton.com/en_US/hi/doorway/index.htm?sourceCode=00081391&redirectURL=http%3A%2F%2Fwww3.hilton.com%2Fen%2Fhotels%2F0%2FMIAFAHT%2Findex.html%3FWT.mc_id%3DzDA01MB2OLG34YX,(305) 248-3155,"Homestead, FL 33034",77 NE 3rd St,11.7 miles
79,Coral Roc Motel,,(305) 246-2888,"Homestead, FL 33030",1100 N Krome Ave,9.8 miles
80,And Beyond,,(305) 221-2906,"Miami, FL 33184",909 SW 122nd Ave,10.5 miles
81,Caribe Motel,,(305) 247-2442,"Homestead, FL 33030",841 N Krome Ave,9.9 miles
82,Budget Host,http://budgethost.com/,(305) 248-2741,"Florida City, FL 33034",815 N Krome Ave,11.2 miles
83,Knights Inn,http://www.knightsinn.com/,(305) 247-6633,"Florida City, FL 33034",1223 NE 1st Ave,11 miles
84,Knights Inn Florida City,http://knightsinn.com/,(305) 247-6633,"Homestead, FL 33030",1223 NE 1st Ave,9.6 miles
85,Holiday Inn,https://www.holidayinn.com/redirect?path=hd&brandCode=hi&hotelCode=miaum&_PMID=99601036&cm_mmc=mdpr-_-yellowpages-_-hi-_-MIAUM&glat=MEDI,(877) 577-2584,"Coral Gables, FL 33146",1350 S Dixie Hwy,10.9 miles
86,Floridian Hotel,http://www.floridianhotel.com/,(305) 247-7020,"Homestead, FL 33030",990 N Homestead Blvd,9.5 miles
87,The Inn of Homestead,http://www.joneshospitality.com/,(305) 248-2121,"Homestead, FL 33030",1020 N Homestead Blvd,9.5 miles
88,Redland Hotel,http://www.cityhallbistromartinibar.com/,(305) 246-1904,"Homestead, FL 33030",5 S Flagler Ave,10.4 miles
89,Holiday Inn Express & Suites Florida City-Gateway To Keys,https://www.hiexpress.com/redirect?path=hd&brandCode=ex&hotelCode=fcffl&_PMID=99601036&setPMCookies=true&cm_mmc=mdpr-_-yellowpages-_-ex-_-FCFFL&glat=MEDI,(800) 345-8082,"Homestead, FL 33034",35200 S Dixie Hwy,12.3 miles
90,Travelodge,http://www.travelodge.com/,(305) 482-1961,"Homestead, FL 33034",409 SE 1st Ave,12.1 miles
91,Estancia Hotel,http://www.estanciasuites.com/,(305) 403-6130,"Miami, FL 33126",7685 NW 12th St,13.3 miles
92,Grove Suites,,(305) 285-1620,"Miami, FL 33133",2699 Tigertail Ave,13.8 miles
93,Hyatt Regency Coral Gables,http://www.place.hyatt.com/,(305) 441-1234,"Coral Gables, FL 33134",50 Alhambra Plz,13.9 miles
94,TRAVELODGE Florida City-Homestead,http://travelodge.com/,(305) 482-1961,"Homestead, FL 33034",409 SE 1st Ave,12.1 miles
95,Holiday Inn Port Of Miami-Downtown,https://www.holidayinn.com/redirect?path=hd&brandCode=hi&hotelCode=miabb&_PMID=99601036&setPMCookies=true&cm_mmc=mdpr-_-yellowpages-_-hi-_-MIABB&glat=MEDI,(800) 345-8082,"Miami, FL 33132",340 Biscayne Blvd,18.1 miles
96,Holiday Inn Miami-Doral Area,https://www.holidayinn.com/redirect?path=hd&brandCode=hi&hotelCode=miawc&_PMID=99601036&setPMCookies=true&cm_mmc=mdpr-_-yellowpages-_-hi-_-MIAWC&glat=MEDI,(800) 345-8082,"Doral, FL 33172",3255 NW 87th Ave,14.3 miles
97,Holiday Inn Miami-International Airport,https://www.holidayinn.com/redirect?path=hd&brandCode=hi&hotelCode=miaia&_PMID=99601036&setPMCookies=true&cm_mmc=mdpr-_-yellowpages-_-hi-_-MIAIA&glat=MEDI,(800) 345-8082,"Miami Springs, FL 33166",1111 S Royal Poinciana Blvd,16.6 miles
98,Holiday Inn Express Miami-Arpt Ctrl-Miami Springs,https://www.hiexpress.com/redirect?path=hd&brandCode=ex&hotelCode=miaat&_PMID=99601036&setPMCookies=true&cm_mmc=mdpr-_-yellowpages-_-ex-_-MIAAT&glat=MEDI,(800) 345-8082,"Miami Springs, FL 33166",5125 NW 36th St,16.1 miles
99,Holiday Inn Express & Suites Miami Airport East,https://www.hiexpress.com/redirect?path=hd&brandCode=ex&hotelCode=miaex&_PMID=99601036&setPMCookies=true&cm_mmc=mdpr-_-yellowpages-_-ex-_-MIAEX&glat=MEDI,(800) 345-8082,"Miami, FL 33142",2601 NW 42nd Ave,16.1 miles
100,Holiday Inn Express Miami Airport Doral Area,https://www.hiexpress.com/redirect?path=hd&brandCode=ex&hotelCode=miamd&_PMID=99601036&setPMCookies=true&cm_mmc=mdpr-_-yellowpages-_-ex-_-MIAMD&glat=MEDI,(800) 345-8082,"Doral, FL 33166",8436 NW 36th St,14.7 miles
101,Crowne Plaza Miami Airport,https://www.crowneplaza.com/redirect?path=hd&brandCode=cp&hotelCode=miaap&_PMID=99601036&setPMCookies=true&cm_mmc=mdpr-_-yellowpages-_-cp-_-MIAAP&glat=MEDI,(877) 874-6541,"Miami, FL 33126",950 NW 42nd Ave,15 miles
102,Staybridge Suites Miami International Airport,https://www.staybridge.com/redirect?path=hd&brandCode=sb&hotelCode=miats&_PMID=99601036&setPMCookies=true&cm_mmc=mdpr-_-yellowpages-_-sb-_-MIATS&glat=MEDI,(877) 660-8545,"Miami, FL 33142",3651 NW 25th St,16.4 miles
103,EVEN Hotels Miami - Airport,https://www.ihg.com/redirect?path=hd&brandCode=vn&hotelCode=mianw&_PMID=99601036&setPMCookies=true&cm_mmc=mdpr-_-yellowpages-_-vn-_-MIANW&glat=MEDI,(855) 772-6461,"Miami, FL 33142",3499 NW 25th St,16.5 miles
104,InterContinental Miami,https://www.intercontinental.com/redirect?path=hd&brandCode=ic&hotelCode=miaha&_PMID=99601036&setPMCookies=true&cm_mmc=mdpr-_-yellowpages-_-ic-_-MIAHA&glat=MEDI,(888) 259-8696,"Miami, FL 33131",100 Chopin Plz,18.1 miles
105,Renaissance At The Gables,http://www.renaissanceatthegables.com/,(305) 445-1313,"Miami, FL 33145",2340 SW 32nd Ave,14 miles
106,InterContinental At Doral Miami,https://www.intercontinental.com/redirect?path=hd&brandCode=ic&hotelCode=miahc&_PMID=99601036&setPMCookies=true&cm_mmc=mdpr-_-yellowpages-_-ic-_-MIAHC&glat=MEDI,(888) 259-8696,"Doral, FL 33172",2505 NW 87th Ave,13.9 miles
107,Candlewood Suites Miami Airport - Doral,https://www.candlewoodsuites.com/redirect?path=hd&brandCode=cw&hotelCode=miamf&_PMID=99601036&setPMCookies=true&cm_mmc=mdpr-_-yellowpages-_-cw-_-MIAMF&glat=MEDI,(800) 980-6467,"Doral, FL 33172",8855 NW 27th St,14 miles
108,Staybridge Suites Miami Doral Area,https://www.staybridge.com/redirect?path=hd&brandCode=sb&hotelCode=miaaw&_PMID=99601036&setPMCookies=true&cm_mmc=mdpr-_-yellowpages-_-sb-_-MIAAW&glat=MEDI,(877) 660-8545,"Doral, FL 33172",3265 NW 87th Ave,14.3 miles
109,Candlewood Suites Miami Intl Airport - 36th St,https://www.candlewoodsuites.com/redirect?path=hd&brandCode=cw&hotelCode=vgccw&_PMID=99601036&setPMCookies=true&cm_mmc=mdpr-_-yellowpages-_-cw-_-VGCCW&glat=MEDI,(800) 980-6467,"Virginia Gardens, FL 33166",5911 NW 36th St,15.5 miles
110,La Fuente Hotel,http://www.executivefantasyhotels.com/,(305) 266-0070,"Miami, FL 33144",7470 SW 8th St,12.1 miles
111,Four Point By Sheraton Coral Gables,http://fourpoints.com/coralgables,(305) 567-0534,"Miami, FL 33146",3861 Bird Rd,12.9 miles
112,Executive Airport Hotel,http://www.executivefantasyhotels.com/,(305) 871-1166,"Miami, FL 33126",6700 NW 12th St,13.6 miles
113,Miami Executive Hotel,http://www.executivefantasyhotels.com/,(305) 443-8464,"Coral Gables, FL 33134",4350 SW 8th St,14 miles
114,Miami Princess Hotel,http://www.miamiprincess.com/,(305) 441-1862,"Miami, FL 33126",4251 NW 11th St,15.1 miles
115,Best Western Gateway to the Keys,https://www.bestwestern.com/en_US/book/hotel-rooms.10254.html?iata=00171890&ssob=BLBWI0003G&cid=BLBWI0003G:yext:website:10254,(305) 246-5100,"Florida City, FL 33034",411 S Krome Ave,12.1 miles
116,Biltmore Hotel-A Westin Hotel & Resort,http://www.biltmorehotel.com/,(855) 311-6903,"Coral Gables, FL 33134",1200 Anastasia Ave,12.3 miles
117,"The Ritz-Carlton Key Biscayne, Miami",https://www.ritzcarlton.com/en/hotels/miami/key-biscayne?scid=45f93f1b-bd77-45c9-8dab-83b6a417f6fe,(305) 365-4500,"Key Biscayne, FL 33149",455 Grand Bay Dr Key Biscayne,16.7 miles
118,Travelodge,http://www.travelodge.com/,(305) 374-7451,"Miami, FL 33131",131 SE 1st St,17.8 miles
119,Extended Stay America Miami - Coral Gables,https://www.extendedstayamerica.com/hotels/fl/miami/coral-gables,(305) 443-7444,"Miami, FL 33145",3640 Coral Way,13.8 miles
120,Conrad Miami,http://conradmiami.com/,(305) 503-6500,"Miami, FL 33131",1395 Brickell Ave,17.2 miles
121,Vivre En Paix Inc,http://vivreenpaixinc.com/,(877) 573-7743,"Miami, FL 33131",1395 Brickell Ave,17.2 miles
122,Kimpton EPIC Hotel,https://www.epichotel.com/?cm_mmc=YextLocal-_-cp-_-US-_-EPC,(305) 400-6711,"Miami, FL 33131",270 Biscayne Boulevard Way,17.8 miles
123,Miami Tempo Hotel,http://www.tempohotelmiami.com/,(786) 369-0296,"Miami, FL 33132",1100 Biscayne Blvd,18.4 miles
124,"The Gabriel Miami, Curio Collection by Hilton",https://twitter.com/marquisres,(786) 577-9700,"Miami, FL 33132",1100 Biscayne Blvd,18.4 miles
125,Hilton Miami Airport Blue Lagoon,https://ad.doubleclick.net/ddm/clk/317271033;145636969;l;u=Y_MIAAHHH_W_D?http://www3.hilton.com/en_US/hi/doorway/index.htm?sourceCode=00081391&redirectURL=http%3A%2F%2Fwww3.hilton.com%2Fen%2Fhotels%2F0%2FMIAAHHH%2Findex.html%3FWT.mc_id%3DzDA01MB2OLG34YX,(305) 262-1000,"Miami, FL 33126",5101 Blue Lagoon Dr,14.5 miles
126,JW Marriott Miami,https://www.marriott.com/hotels/travel/miajw-jw-marriott-miami/?scid=45f93f1b-bd77-45c9-8dab-83b6a417f6fe,(305) 329-3500,"Miami, FL 33131",1109 Brickell Ave,17.3 miles
127,"The Ritz-Carlton Coconut Grove, Miami",https://www.ritzcarlton.com/en/hotels/miami/coconut-grove?scid=45f93f1b-bd77-45c9-8dab-83b6a417f6fe,(305) 644-4680,"Miami, FL 33133",3300 SW 27th Ave,13.7 miles
128,Rainbow Motel,,(305) 649-3987,"Miami, FL 33135",2390 SW 8th St,15.4 miles
129,"The Spa at Mandarin Oriental, Miami",https://www.mandarinoriental.com/miami/brickell-key/luxury-spa?htl=MOMIA&kw=MOMIA_spa&eng=yext&src=local,(305) 913-8332,"Miami, FL 33131",500 Brickell Key Dr,17.8 miles
130,Grove Hotel Partners,http://www.groveisle.com/,(305) 858-8300,"Miami, FL 33133",4 Grove Isle Dr,14.9 miles
131,Extended Stay America Miami - Brickell - Port of Miami,https://www.extendedstayamerica.com/hotels/fl/miami/downtown-brickell-cruise-port,(305) 856-3700,"Miami, FL 33129",298 SW 15th Rd,16.9 miles
132,Iberostar Hotels & Resorts,,(305) 774-9225,"Miami, FL 33134",2655 S Le Jeune Rd,13.4 miles
133,JW Marriott Hotel Miami,http://www.marriotthotels.com/,(305) 374-1224,"Miami, FL 33131",1111 Brickell Ave,17.4 miles
134,Orange Grove Motel,http://fl-motels-review.com/,(305) 261-0871,"Miami, FL 33144",7160 SW 8th St,12.3 miles
135,Er Stat Inc,https://baptisthealth.net/en/pages/home.aspx,(305) 740-3302,"Miami, FL 33146",5000 University Dr,11.7 miles
136,Soleste West Gables,http://westgablesapts.com/,(561) 405-7209,"Miami, FL 33155",2101 Ludlam Rd Ste 100,11.9 miles
137,Chaptal,,(305) 264-1176,"Miami, FL 33144",85 Grand Canal Dr,12.6 miles
138,Homewood Suites by Hilton Miami Dolphin Mall,https://ad.doubleclick.net/ddm/clk/317271033;145636969;l;u=Y_MIADMHW_W_D?http://www3.hilton.com/en_US/hi/doorway/index.htm?sourceCode=00081391&redirectURL=http%3A%2F%2Fwww3.hilton.com%2Fen%2Fhotels%2F0%2FMIADMHW%2Findex.html%3FWT.mc_id%3DzDA01MB2OLG34YX,(305) 500-9019,"Miami, FL 33172",1695 NW 111th Ave Suite B,12.7 miles
139,Hilton Garden Inn Miami Dolphin Mall,https://ad.doubleclick.net/ddm/clk/317271033;145636969;l;u=Y_MIADOGI_W_D?http://www3.hilton.com/en_US/hi/doorway/index.htm?sourceCode=00081391&redirectURL=http%3A%2F%2Fwww3.hilton.com%2Fen%2Fhotels%2F0%2FMIADOGI%2Findex.html%3FWT.mc_id%3DzDA01MB2OLG34YX,(305) 500-9077,"Miami, FL 33172",1695 NW 111th Ave,12.7 miles
140,Hotel Connections-Miami/Masscomm,,(786) 260-6123,"Miami, FL 33172",11234 NW 20th St,12.8 miles
141,Dolphin Park,,(305) 418-2009,"Miami, FL 33172",10887 NW 17th St,12.8 miles
142,Gables Hotels Group,,(305) 441-2216,"Miami, FL 33146",3861 Bird Rd,12.9 miles
143,Doubletree by Hilton,http://doubletree3.hilton.com/,(305) 261-3800,"Miami, FL 33126",731 NW 72nd Ave,13.2 miles
144,Cambria Hotel Miami Airport - Blue Lagoon,https://www.choicehotels.com/florida/miami/cambria-hotels/flc06?pmf=yext&mc=llyxyxpx,(305) 261-9899,"Miami, FL 33126",6750 NW 7th St,13.3 miles
145,Aloft Coral Gables,https://www.marriott.com/hotels/travel/miacl-aloft-coral-gables/?scid=45f93f1b-bd77-45c9-8dab-83b6a417f6fe,(305) 442-0372,"Miami, FL 33134",2524 S Le Jeune Rd,13.3 miles
146,Aloft Hotels,http://www.starwoodhotels.com/alofthotels/index.html,(305) 441-6741,"Miami, FL 33134",2524 S Le Jeune Rd,13.3 miles
147,NF II Miami South Op Co,,(305) 261-2258,"Miami, FL 33126",6700 NW 7th St,13.3 miles
148,Aloft Miami Airport Hotel,http://starwoodhotels.com/alofthotels,(786) 866-0600,"Miami, FL 33133",2977 Mcfarlane Rd Ste 300,13.4 miles
149,"Hotel Arya, BW Premier Collection",https://www.bestwestern.com/en_US/book/hotel-rooms.10417.html?iata=00171890&ssob=BLBWI0003G&cid=BLBWI0003G:yext:website:10417,(305) 529-2828,"Miami, FL 33133",2889 Mcfarlane Rd,13.4 miles
150,Ginger Grove,https://www.mayfairhotelandspa.com/,(305) 779-5100,"Miami, FL 33133",3000 Florida Ave,13.4 miles
151,KHR Reservations,http://travelly.com/,(305) 715-9844,"Miami, FL 33126",1150 NW 72nd Ave,13.4 miles
152,Extended Stay America Miami - Airport - Blue Lagoon,https://www.extendedstayamerica.com/hotels/fl/miami/airport-blue-lagoon,(305) 260-0085,"Miami, FL 33126",6605 NW 7th St,13.5 miles
153,The Ritz-Carlton,http://www.ritzcarlton.com/en/Default.htm,(305) 856-9626,"Miami, FL 33133",3400 SW 27th Ave Apt 1705,13.6 miles
154,Extended Stay America,http://www.extendedstayamerica.com/,(786) 331-7717,"Miami, FL 33122",8655 NW 21st Ter,13.7 miles
155,Extended Stay America Miami - Airport - Doral - 87th Avenue South,http://extendedstayamerica.com/hotels/fl/miami/airport-doral-87th-avenue-south,(786) 331-7717,"Miami, FL 33122",8655 NW 21st Ter,13.7 miles
156,Preferred Hotels & Resorts,http://www.preferredhotelgroup.com/,(305) 267-1187,"Miami, FL 33126",1000 NW 57th Ct Ste 270,13.8 miles
157,Marriott Development Caribbean & Latin America,https://hotel-development.marriott.com/,(305) 420-4052,"Miami, FL 33126",1000 NW 57th Ct,13.8 miles
158,Exploring Horizons Ltd. Inc. - EHTravels,http://www.ehtravels.com/,(786) 505-1055,"Miami, FL 33133",3141 SW 27th Ter,13.8 miles
159,Hotel Connections,http://www.hotelconnections.com/,(305) 261-2402,"Miami, FL 33126",6100 Blue Lagoon Dr Ste 310,14 miles
160,Given,,(305) 263-3312,"Miami, FL 33126",701 NW 57th Ave Ste 310,14 miles
161,Extended Stay America - Miami - Airport - Doral - 25th Street,http://www.extendedstayamerica.com/,(305) 716-9005,"Miami, FL 33122",7750 NW 25th St,14.1 miles
162,Extended Stay America Miami - Airport - Doral -  25th Street,http://extendedstayamerica.com/hotels/fl/miami/airport-doral-25th-street,(305) 716-9005,"Miami, FL 33122",7750 NW 25th St,14.1 miles
163,Pullman Miami Airport Hotel,http://www.accorhotels.com/0889,(305) 264-4888,"Miami, FL 33126",5800 Blue Lagoon Dr,14.1 miles
164,Hyatt House Miami Airport,http://www.miamiairport.house.hyatt.com/,(305) 269-1922,"Miami, FL 33126",5710 Blue Lagoon Dr,14.1 miles
165,Le Petit Bijou,,(305) 264-4888,"Miami, FL 33126",5800 Blue Lagoon Dr,14.2 miles
166,Perferred Hotel Group,,(305) 267-1187,"Miami, FL 33126",5200 Blue Lagoon Dr Ste 720,14.3 miles
167,Radisson Hotels & Resorts,http://www.insideview.com/directory/sony-latin-america-inc,(305) 260-3515,"Miami, FL 33126",5301 Blue Lagoon Dr Ste 520,14.5 miles
168,Radisson Hotel-Resorts Latin,http://www.radisson.com/,(305) 260-3515,"Miami, FL 33126",5301 Blue Lagoon Dr,14.5 miles
169,Radisson,http://www.radisson.com/,(305) 577-4321,"Miami, FL 33126",5201 Blue Lagoon Dr Ste 710,14.6 miles
170,Palmeiras Beach Club at Grove Isle,http://www.palmeirasbeachclub.com/,(305) 858-8300,"Miami, FL 33133",4 Grove Isle Dr,14.9 miles
171,Four Points by Sheraton Miami Airport,https://www.marriott.com/hotels/travel/miafa-four-points-miami-airport/?scid=45f93f1b-bd77-45c9-8dab-83b6a417f6fe,(305) 351-5730,"Miami, FL 33122",3570 NW 74th Ave,15 miles
172,Airport Regency Hotel,https://www.eventective.com/miami-fl/airport-regency-hotel-1957.html,(305) 441-1600,"Miami, FL 33126",1000 NW 42nd Ave,15 miles
173,Aloft Miami Airport,https://www.marriott.com/hotels/travel/miala-aloft-miami-airport/?scid=45f93f1b-bd77-45c9-8dab-83b6a417f6fe,(786) 866-0600,"Miami, FL 33166",7220 NW 36th St,15.1 miles
174,TownePlace Suites by Marriott Miami Airport,https://www.marriott.com/hotels/travel/miasa-towneplace-suites-miami-airport/?scid=45f93f1b-bd77-45c9-8dab-83b6a417f6fe,(305) 779-0900,"Miami, FL 33126",4021 NW 11th St,15.2 miles
175,Residence Inn by Marriott,http://www.marriott.com/hotels/travel/miaas-residence-inn-miami-airport,(305) 642-8570,"Miami, FL 33126",1201 NW 42nd Ave,15.3 miles
176,Residence Inn by Marriott,http://www.marriott.com/residence-inn/travel.mi,(305) 604-6069,"Miami, FL 33145",1231 SW 17th St,15.9 miles
177,Royal Elite Vacation Club,http://www.royalelite.com/,(305) 496-5996,"Miami, FL 33125",831 NW 28th Ave,16 miles
178,America's Best Inns & Suites,http://www.americasbestinns.com/,(305) 592-5440,"Miami, FL 33166",7330 NW 36th Street Ext,16 miles
179,American Luxury Auto Rental,http://www.americanluxuryautorental.com/,(305) 871-7700,"Miami, FL 33142",4120 NW 26th St,16.1 miles
180,Hampton Inn Miami Airport East,https://ad.doubleclick.net/ddm/clk/317271033;145636969;l;u=Y_MIAAEHX_W_D?http://www3.hilton.com/en_US/hi/doorway/index.htm?sourceCode=00081391&redirectURL=http%3A%2F%2Fwww3.hilton.com%2Fen%2Fhotels%2F0%2FMIAAEHX%2Findex.html%3FWT.mc_id%3DzDA01MB2OLG34YX,(786) 801-3136,"Miami, FL 33142",3449 NW 42nd Ave,16.4 miles
181,Hyatt Place Miami Airport East,,(305) 667-1003,"Miami, FL 33142",3549 NW 42nd Ave,16.5 miles
182,Roads End Village,,(305) 250-5640,"Miami, FL 33129",927 SW 11th St,16.5 miles
183,Brickell Suites,,(786) 615-2328,"Miami, FL 33130",717 SW 11th Ave,16.5 miles
184,Radisson RED Miami Airport,https://www.radissonhotels.com/en-us/hotels/radisson-red-miami-airport?cid=a:se+b:yex+c:amer+i:local+e:rdr+d:us+f:en-US+h:USAMAPF,(305) 260-3514,"Miami, FL 33142",3401 NW 25th St,16.5 miles
185,Villa Aurora,,(305) 649-2499,"Miami, FL 33135",1398 SW 1st St Ste 1201,16.5 miles
186,Embassy Suites by Hilton Miami International Airport,http://embassysuites3.hilton.com/en/hotels/florida/embassy-suites-by-hilton-miami-international-airport-MIASPES/index.html,(305) 634-5000,"Miami, FL 33142",3974 NW South River Dr,16.5 miles
187,Jefferson Hotel,,(305) 545-1000,"Miami, FL 33130",528 SW 9th Ave,16.7 miles
188,Homewood Suites by Hilton Miami Downtown/Brickell,http://homewoodsuites3.hilton.com/en/hotels/florida/homewood-suites-by-hilton-miami-downtown-brickell-MIADBHW/index.html,(305) 285-7112,"Miami, FL 33129",1750 SW 1st Ave,16.8 miles
189,Atton Brickell Miami,http://www.attonbrickellmiami.com/,(786) 600-2600,"Miami, FL 33129",1500 SW 1st Ave,16.9 miles
190,Hotel Indigo Miami Brickell,https://www.ihg.com/hotelindigo/hotels/us/en/miami/miani/hoteldetail?,(786) 600-2600,"Miami, FL 33129",1500 SW 1st Ave,16.9 miles
191,Novotel Miami Brickell,https://www.novotelmiami.com/?chebs=local-attonbrickellmiami,(786) 600-2600,"Miami, FL 33129",1500 SW 1st Ave,16.9 miles
192,Big Havana,,(305) 640-5405,"Miami, FL 33130",613 SW 5th Ave,17 miles
193,Churchill Suites Miami Brickell,http://www.churchillsuites.com/,(305) 231-2113,"Miami, FL 33130",1451 S Miami Ave,17.1 miles
194,Dharma Life,,(786) 536-7985,"Miami, FL 33130",1451 S Miami Ave,17.1 miles
195,Aloft Miami - Brickell,https://www.marriott.com/hotels/travel/miaba-aloft-miami-brickell/?scid=45f93f1b-bd77-45c9-8dab-83b6a417f6fe,(305) 854-6300,"Miami, FL 33130",1001 SW 2nd Ave,17.1 miles
196,Vii Mp Miami Hotel Owner,http://fourseasons.com/,(305) 374-5416,"Miami, FL 33131",1435 Brickell Ave,17.1 miles
197,Fsph 67 Inc,,(305) 374-0099,"Miami, FL 33131",1425 Brickell Ave,17.2 miles
198,Iglesia Soldados De La Cruz De Cristo,,(786) 313-3435,"Miami, FL 33130",637 W Flagler St,17.2 miles
199,Acapulco,,(786) 452-1080,"Miami, FL 33142",1919 NW 20th St,17.2 miles
200,AG Miami Hotel,,(305) 416-7504,"Miami, FL 33131",1395 Brickell Ave,17.2 miles
201,Conrad Hotels & Resort,http://conradhotels1.hilton.com/,(305) 503-6500,"Miami, FL 33131",1395 Brickell Ave Ste 2500,17.2 miles
202,Cary Motel,,(305) 856-1765,"Miami, FL 33130",106 SW 8th St,17.3 miles
203,Hyatt Centric Brickell Miami,http://www.hyatt.com/en-US/hotel/florida/hyatt-centric-brickell-miami/miact,(786) 441-1234,"Miami, FL 33131",1102 Brickell Bay Dr,17.4 miles
204,"EAST, Miami",http://www.east-miami.com/,(305) 712-7000,"Miami, FL 33131",788 Brickell Plz,17.4 miles
205,Gencom,http://www.gencomgrp.com/,(305) 442-9808,"Miami, FL 33131",801 Brickell Ave Ph 2,17.5 miles
206,SpringHill Suites by Marriott Miami Downtown/Medical Center,https://www.marriott.com/hotels/travel/miahd-springhill-suites-miami-downtown-medical-center/?scid=45f93f1b-bd77-45c9-8dab-83b6a417f6fe,(305) 575-5300,"Miami, FL 33136",1311 NW 10th Ave,17.5 miles
207,Four Ambassador Suites Hotel,http://www.fourambassadors.cc/,(305) 371-6500,"Miami, FL 33131",801 Brickell Bay Dr Ste 5,17.6 miles
208,Alt Miami Inc,,(786) 574-2009,"Miami, FL 33131",495 Brickell Ave,17.7 miles
209,W Miami,https://www.marriott.com/hotels/travel/miawm-w-miami/?scid=45f93f1b-bd77-45c9-8dab-83b6a417f6fe,(305) 503-4400,"Miami, FL 33131",485 Brickell Ave,17.7 miles
210,"Mandarin Oriental, Miami",https://www.mandarinoriental.com/miami/brickell-key/luxury-hotel?htl=MOMIA&kw=MOMIA&eng=yext&src=local,(305) 913-8288,"Miami, FL 33131",500 Brickell Key Dr,17.8 miles
211,"Hotel Beaux Arts, Autograph Collection",https://www.marriott.com/hotels/travel/miaax-hotel-beaux-arts-autograph-collection/?scid=45f93f1b-bd77-45c9-8dab-83b6a417f6fe,(305) 421-8700,"Miami, FL 33131","255 Biscayne Boulevard Way, Located Inside Of The Jw Marriott Marquis Miami Tower, 39th Floor",17.8 miles
212,Hotel Astor,https://www.hugedomains.com/domain_profile.cfm?d=thedownstairsmiami&e=com,(305) 531-8081,"Miami, FL 33132",14 NE 1st Ave,17.8 miles
213,Eurostars Langford,http://www.eurostarshotels.com/eurostars-langford/mapa.html,(305) 250-0782,"Miami, FL 33131",121 SE 1st St,17.8 miles
214,The Langford Hotel,http://www.langfordhotelmiami.com/,(305) 420-2000,"Miami, FL 33131",121 SE 1st St,17.8 miles
215,Allegro's,,(305) 374-3000,"Miami, FL 33131",200 SE 2nd Ave,17.8 miles
216,Ramada Inn,http://www.ramada.com/,(305) 539-8034,"Miami, FL 33131",300 Biscayne Boulevard Way,17.8 miles
217,LTD Mdm Residences,,(786) 623-5270,"Miami, FL 33131",300 Biscayne Boulevard Way,17.8 miles
218,Met II Hotel,,(305) 350-0745,"Miami, FL 33131",255 SE 2nd St,17.9 miles
219,The Dunns Josephine Hotel,,(305) 379-1113,"Miami, FL 33136",1028 NW 3rd Ave,17.9 miles
220,Mas Hospitality Miami,,(786) 717-6720,"Miami, FL 33131",195 SE 3rd Ave,17.9 miles
221,Yve Hotel Miami,,(305) 358-4555,"Miami, FL 33132",146 Biscayne Blvd,18.1 miles
222,Hst Downtown Miami,,(305) 373-9395,"Miami, FL 33132",146 Biscayne Blvd,18.1 miles
223,Best Western,http://www.bestwestern.com/,(305) 374-4599,"Miami, FL 33132",50 NE 9th St,18.1 miles
224,Interamerican Hotels Corp,,(305) 358-0661,"Miami, FL 33132",270 NE 4th St,18.1 miles
225,Broadmoor Miami Beach,,(305) 865-1631,"Miami, FL 33136",1035 N Miami Ave Ste 20,18.2 miles
226,Crossway Airport Inn,http://www.marriott.com/hotels/travel/miaas-residence-inn-miami-airport,(305) 871-4350,"Miami, FL 33142",1850 NW 42nd St,18.2 miles
227,Prestigious Life Style Tours,,(954) 825-6348,"Miami, FL 33132",990 Biscayne Blvd Ste 501,18.4 miles
228,Regency Hotel Miami,http://regencyhotelmiami.com/,(305) 441-1600,"Miami, FL 33126",1000 NW 42nd Ave,15 miles
229,La Quinta,http://www.laquinta.com/,(305) 871-1777,"Miami, FL 33142",3501 NW 42nd Ave,16.4 miles
230,Shamrock By The Gables,http://www.shamrockcorp.com/gables.htm,(305) 529-4555,"Miami, FL 33145",2280 SW 32nd Ave,14.1 miles
231,Chateaubleau Hotel,http://www.hotelchateaubleau.com/,(305) 448-2634,"Coral Gables, FL 33134",1111 Ponce De Leon Blvd,14.2 miles
232,Avalon Motel,http://avaloninnovations.com/,(305) 445-9002,"Coral Gables, FL 33134",4871 W Flagler St,14.1 miles
233,TravelUP,http://www.travelplan.us/,(646) 844-9197,"Coral Gables, FL 33134",999 Ponce De Leon Blvd Ste 625,14.3 miles
234,"Hotel Colonnade Coral Gables, a Tribute Portfolio Hotel",http://www.hotelcolonnade.com/,(305) 441-2600,"Coral Gables, FL 33134",180 Aragon Ave,13.7 miles
235,Biltmore Hotel Miami Coral Gables,https://www.biltmorehotel.com/,(855) 311-6903,"Coral Gables, FL 33134",1200 Anastasia Ave,12.3 miles
236,Wander Pr,http://wanderpr.com/,(786) 534-6759,"Coral Gables, FL 33134",1200 Anastasia Ave,12.3 miles
237,The Biltmore Hotel,http://www.biltmorehotel.com/dining/brunch.php,(305) 913-3200,"Coral Gables, FL 33134",1200 Anastasia Ave,12.3 miles
238,Nuvo Suites,http://www.nuvosuites.com/,(786) 472-9095,"Sweetwater, FL 33172",1750 NW 107th Ave,12.8 miles
239,Es Hospitality,https://nuvosuites.com/,(786) 472-9095,"Sweetwater, FL 33172",1750 NW 107th Ave,12.8 miles
240,DoubleTree By Hilton Miami Doral,https://ad.doubleclick.net/ddm/clk/317271033;145636969;l;u=Y_MIADRDT_W_D?http://www3.hilton.com/en_US/hi/doorway/index.htm?sourceCode=00081391&redirectURL=http%3A%2F%2Fwww3.hilton.com%2Fen%2Fhotels%2F0%2FMIADRDT%2Findex.html%3FWT.mc_id%3DzDA01MB2OLG34YX,(305) 639-9555,"Doral, FL 33172",10250 NW 19th St,13 miles
241,Doral Inn and Suites,http://www.doralinnandsuites.com/,(305) 629-8755,"Doral, FL 33126",1212 NW 82nd Ave,13.1 miles
242,Sofitel Hotel,http://www.sofitel.com/,(786) 536-5728,"Doral, FL 33172",2335 NW 107th Ave,13.2 miles
243,Regency Coral Gables,https://www.hyatt.com/en-US/hotel/florida/hyatt-regency-coral-gables/coral,(786) 534-8008,"Coral Gables, FL 33134",2990 Ponce De Leon Blvd,13.4 miles
244,Almar Hotel Corp.,,(305) 261-4230,"Doral, FL 33126",7250 NW 11th St,13.4 miles
245,Khr Reservation Services,,(305) 599-8988,"Doral, FL 33126",8021 NW 14th St,13.4 miles
246,Hyatt Corporation,http://hyatt.com/,(305) 446-1209,"Coral Gables, FL 33134",396 Alhambra Cir,13.5 miles
247,Astor Almeria,http://www.astorcompanies.com/,(305) 443-3943,"Coral Gables, FL 33134",21 Almeria Ave,13.7 miles
248,Driftwood Hospitality Man,http://www.driftwoodhospitality.com/,(786) 615-4273,"Coral Gables, FL 33134",255 Alhambra Cir,13.7 miles
249,Hotel St Michel,,(305) 444-1666,"Coral Gables, FL 33134",162 Alcazar Ave,13.8 miles
250,Wishes Hotel Coral Gables,,(305) 445-5453,"Coral Gables, FL 33134",4700 SW 8th St,13.8 miles
251,Villa Cortez Motel,http://fl-motels-review.com/,(305) 445-5453,"Coral Gables, FL 33134",4700 SW 8th St,13.8 miles
252,Nine Zero,,(305) 448-5639,"Coral Gables, FL 33134",55 Merrick Way Ste 402,13.8 miles
253,G G Motel,,(305) 443-2868,"Coral Gables, FL 33134",5121 W Flagler St,14 miles
254,Best Western Premier Miami Intl Airport Hotel & Suites Coral Gables,http://www.citysearch.com/profile/615757314/coral_gables_fl/best_western_premier.html,(305) 774-6100,"Coral Gables, FL 33134",4100 W Flagler St,14.5 miles
255,Ernesto Motel,,(305) 541-6508,"Coral Gables, FL 33134",4001 W Flagler St,14.6 miles
256,Starlite Hotel Apts,,(305) 534-2161,"Key Biscayne, FL 33149",750 Ocean Dr,16.6 miles
257,Sonesta Intl Hotels Corporation,http://keybiscaynecondos.com/,(305) 365-0511,"Key Biscayne, FL 33149",260 Crandon Blvd Ste 52,16.6 miles
258,R D W Key Biscayne,,(786) 534-6220,"Key Biscayne, FL 33149",285 Sunrise Dr,16.6 miles
259,Lightkeepers,http://www.ritzcarlton.com/en/hotels/miami/key-biscayne/dining/lightkeepers/?scid=45f93f1b-bd77-45c9-8dab-83b6a417f6fe,(305) 365-4156,"Key Biscayne, FL 33149",455 Grand Bay Dr,16.7 miles
260,G B Hotel Partners,,(305) 361-7163,"Key Biscayne, FL 33149",455 Grand Bay Dr,16.7 miles
261,Marriott South Beach,http://www.marriotthotels.com/,(305) 536-7700,"Key Biscayne, FL 33149",161 Ocean Lane Dr,16.9 miles
262,Silver Sands Beach Resort,http://www.silversandsbeachresort.net/,(305) 361-5441,"Key Biscayne, FL 33149",301 Ocean Dr,16.9 miles
263,Ramada Inn,http://www.ramada.com/,(305) 247-8833,"Homestead, FL 33034",124 E Palm Dr,11.7 miles
264,Travelodge,http://www.travelodge.com/,(786) 349-4256,"Homestead, FL 33034",413 SE 1st Ave,12.1 miles
265,Best Western-Gateways,http://www.bestwestern.com/,(305) 247-0079,"Homestead, FL 33034",1 Strano Blvd,12.2 miles
266,Hampton Inn,http://www.hamptoninn.com/,(305) 247-6376,"Homestead, FL 33034",124 E Palm Dr,11.7 miles
267,Fairway Inn Florida City,http://www.fairwayinnfl.com/,(305) 248-4202,"Homestead, FL 33034",100 SE 1st Ave,11.9 miles
268,Mayfair Hotel & Spa,http://www.mayfairhotelandspa.com/,(305) 441-0000,"Miami, FL 33133",3000 Florida Ave,13.4 miles
269,Courtyard by Marriott Miami Coral Gables,https://www.marriott.com/hotels/travel/miagb-courtyard-miami-coral-gables/?scid=45f93f1b-bd77-45c9-8dab-83b6a417f6fe,(305) 443-2301,"Miami, FL 33134",2051 S Le Jeune Rd,13.7 miles
270,StudioPlus,http://www.studioplus.com/,(305) 716-9005,"Miami, FL 33122",7750 NW 25th St,14.1 miles
271,Airport Villas,http://miaairportvillas.com/,(786) 334-6500,"Miami, FL 33126",4325 NW South Tamiami Canal Dr,15.4 miles
272,DoubleTree by Hilton Hotel Miami Airport & Convention Center,https://ad.doubleclick.net/ddm/clk/317271033;145636969;l;u=Y_MIAMADT_W_D?http://www3.hilton.com/en_US/hi/doorway/index.htm?sourceCode=00081391&redirectURL=http%3A%2F%2Fwww3.hilton.com%2Fen%2Fhotels%2F0%2FMIAMADT%2Findex.html%3FWT.mc_id%3DzDA01MB2OLG34YX,(305) 261-3800,"Miami, FL 33126",711 NW 72nd Ave,13.3 miles
273,Courtyard by Marriott Miami Coconut Grove,https://www.marriott.com/hotels/travel/miagv-courtyard-miami-coconut-grove/?scid=45f93f1b-bd77-45c9-8dab-83b6a417f6fe,(305) 858-2500,"Miami, FL 33133",2649 S Bayshore Dr,13.8 miles
274,Courtyard by Marriott Miami at Dolphin Mall,https://www.marriott.com/hotels/travel/miadm-courtyard-miami-at-dolphin-mall/?scid=45f93f1b-bd77-45c9-8dab-83b6a417f6fe,(305) 994-9343,"Miami, FL 33172",11275 NW 12th St,12.3 miles
275,Travelitout Inc,http://www.travelitout.com/,(786) 505-0688,"Miami, FL 33126",415 NW 85th Pl Apt 8,12.4 miles
276,The Ritz-Carlton,http://www.ritzcarlton.com/en/Default.htm,(786) 470-3400,"Miami, FL 33133",2700 Tigertail Ave,13.7 miles
277,123 Vacations,,(786) 517-5345,"Miami, FL 33122",2500 NW 79th Ave Ste 103,14.1 miles
278,Be Live Hotels,,(305) 264-1240,"Miami, FL 33126",5775 Blue Lagoon Dr,14.2 miles
279,Element by Westin,http://www.starwoodhotels.com/element,(786) 507-7380,"Miami, FL 33122",3399 NW 72nd Ave Ste 205B,15 miles
280,Hilton Garden Inn,http://hiltongardeninn1.hilton.com/,(305) 716-9800,"Miami, FL 33166",7220 NW 36th St,15.1 miles
281,La Quinta,http://www.laquinta.com/,(305) 599-9902,"Miami, FL 33166",7401 NW 36th St,15.1 miles
282,Miami Hostels,,(305) 905-9695,"Miami, FL 33142",3525 NW 25th St,16.4 miles
283,Interamerican Hotels Corp,http://www.soundhospitality.com/,(305) 448-2488,"Miami, FL 33146",3850 Bird Rd Ste 302,13 miles
284,The Mutiny Hotel,https://www.providentresorts.com/mutiny-hotel,(305) 441-2100,"Miami, FL 33133",2951 S Bayshore Dr,13.4 miles
285,Residence Inn by Marriott Miami Coconut Grove,https://www.marriott.com/hotels/travel/miaco-residence-inn-miami-coconut-grove/?scid=45f93f1b-bd77-45c9-8dab-83b6a417f6fe,(305) 285-9303,"Miami, FL 33133",2835 Tigertail Ave,13.6 miles
286,Homewood Suites by Hilton Miami-Airport/Blue Lagoon,https://ad.doubleclick.net/ddm/clk/317271033;145636969;l;u=Y_MIABLHW_W_D?http://www3.hilton.com/en_US/hi/doorway/index.htm?sourceCode=00081391&redirectURL=http%3A%2F%2Fwww3.hilton.com%2Fen%2Fhotels%2F0%2FMIABLHW%2Findex.html%3FWT.mc_id%3DzDA01MB2OLG34YX,(305) 261-3335,"Miami, FL 33126",5500 Blue Lagoon Dr,14.3 miles
287,Hilton Hotels & Resorts,http://www1.hilton.com/,(305) 444-3444,"Miami, FL 33126",5201 Blue Lagoon Dr Ste 600,14.6 miles
288,Hilton Garden Inn Miami Airport West,http://www3.hilton.com/,(305) 629-7701,"Miami, FL 33122",3550 NW 74th Ave,14.9 miles
289,Vacaciones Laguna Suite,http://www.vacacioneslagunasuite.com/,(888) 391-5002,"Miami, FL 33135",1250 SW 27th Ave Ste 502,15 miles
290,Sheraton Miami Airport Hotel & Executive Meeting Center,https://www.marriott.com/hotels/travel/miaes-sheraton-miami-airport-hotel-and-executive-meeting-center/?scid=45f93f1b-bd77-45c9-8dab-83b6a417f6fe,(305) 871-3800,"Miami, FL 33142",3900 NW 21st St,15.9 miles
291,Element Miami International Airport,https://www.marriott.com/hotels/travel/miael-element-miami-international-airport/?scid=45f93f1b-bd77-45c9-8dab-83b6a417f6fe,(305) 636-1600,"Miami, FL 33142",3525 NW 25th St,16.4 miles
292,Hyatt Hotels & Resorts,,(305) 374-3850,"Miami, FL 33131",400 SE 2nd Ave,17.7 miles
293,Hyatt Regency Miami,https://miami.regency.hyatt.com/en/hotel/home.html,(305) 358-1234,"Miami, FL 33131",400 SE 2nd Ave,17.7 miles
294,Fairfield Inn & Suites by Marriott Miami Airport South,https://www.marriott.com/hotels/travel/miapt-fairfield-inn-and-suites-miami-airport-south/?scid=45f93f1b-bd77-45c9-8dab-83b6a417f6fe,(786) 456-2100,"Miami, FL 33126",4101 NW 11th St,15.2 miles
295,Fairfield Inn & Suites,http://www.fairfieldinn.com/,(305) 643-0055,"Miami, FL 33126",1201 NW 42nd Ave,15.3 miles
296,Lees Custom Keys,,(786) 522-1391,"Miami, FL 33129",1751 SW 3rd Ave,16.8 miles
297,Alliance Hotel & Reservation,,(786) 265-3263,"Miami, FL 33101",Miami 33101,17.7 miles
298,ATM Operations,,(305) 305-9119,"Miami, FL 33131",100 SE 4th St,17.7 miles
299,Hotel Beds USA,,(786) 220-6571,"Miami, FL 33132",900 Biscayne Blvd,18.3 miles
300,L T Hotels,,(305) 443-5941,"Coral Gables, FL 33134",2600 S Douglas Rd,13.7 miles
301,Ei At Doral Eurosuites,http://eurossuites.com/,(305) 477-9782,"Sweetwater, FL 33172",1750 NW 107th Ave,12.8 miles
302,Oasis Hotels,,(786) 245-4757,"Coral Gables, FL 33134",999 Ponce De Leon Blvd,14.3 miles
303,Chateaubleau Inc,http://hotelchateaubleau.com/,(305) 448-2634,"Coral Gables, FL 33134",1111 Ponce De Leon Blvd,14.2 miles
304,Be Live Hotels,,(305) 442-9206,"Coral Gables, FL 33134",999 Ponce De Leon Blvd,14.3 miles
305,The Ritz-Carlton,http://www.ritzcarlton.com/en/Default.htm,(305) 446-0776,"Coral Gables, FL 33134",800 S Douglas Rd,14.4 miles
306,Barlington Hotel,,(305) 649-9965,"Miami, FL 33125",1350 NW 2nd St,16.7 miles
307,Springhill Suites Miami,http://www.miamispringhillsuites.com/,(305) 265-0144,"Miami, FL 33126",6700 NW 7th St,13.3 miles
308,Hampton Inn,https://ad.doubleclick.net/ddm/clk/317271033;145636969;l;u=Y_MIAHSHX_W_D?http://www3.hilton.com/en_US/hi/doorway/index.htm?sourceCode=00081391&redirectURL=http%3A%2F%2Fwww3.hilton.com%2Fen%2Fhotels%2F0%2FMIAHSHX%2Findex.html%3FWT.mc_id%3DzDA01MB2OLG34YX,(305) 262-5400,"Miami, FL 33126",777 NW 57th Ave,14.1 miles
309,Opera Suites And Marina,http://operasuitesandmarina.com/,(305) 374-4449,"Miami, FL 33128",NW 1st St,15.1 miles
310,World Hotels,http://oneworldcreative.com/,(305) 285-2400,"Miami, FL 33145",1770 SW 21st St,15.3 miles
311,Hampton Inn & Suites by Hilton Miami Brickell Downtown,http://hamptoninnmiamibrickell.com/,(305) 377-9400,"Miami, FL 33130",50 SW 12th St,17.2 miles
312,Courtyard by Marriott Miami Downtown/Brickell Area,https://www.marriott.com/hotels/travel/miadt-courtyard-miami-downtown-brickell-area/?scid=45f93f1b-bd77-45c9-8dab-83b6a417f6fe,(305) 374-3000,"Miami, FL 33131",200 SE 2nd Ave,17.8 miles
313,Homewood Suites by Hilton Miami - Airport West,https://ad.doubleclick.net/ddm/clk/317271033;145636969;l;u=Y_MIAWTHW_W_D?http://www3.hilton.com/en_US/hi/doorway/index.htm?sourceCode=00081391&redirectURL=http%3A%2F%2Fwww3.hilton.com%2Fen%2Fhotels%2F0%2FMIAWTHW%2Findex.html%3FWT.mc_id%3DzDA01MB2OLG34YX,(305) 629-7831,"Miami, FL 33122",3590 NW 74th Ave,15 miles
314,Summerfield Suites,http://hyatt.com/,(305) 269-0238,"Miami, FL 33126",5710 Blue Lagoon Dr,14.1 miles
315,Leamington Hotel,http://www.leamingtonhotel.com/,(305) 373-7783,"Miami, FL 33132",307 NE 1st St,18 miles
316,Miami International Airport Hotel,http://miahotel.com/,(305) 871-4100,"Miami, FL 33122",NW 20th Street LeJeune Road,15.6 miles
317,Four Seasons,http://www.fourseasons.com/,(305) 358-3535,"Miami, FL 33131",1435 Brickell Ave,17.1 miles
318,Fortune House Hotel,http://www.fortunehousehotel.com/,(305) 349-5200,"Miami, FL 33131",185 SE 14th Ter Ste 102,17.2 miles
319,Courtyard by Marriott Miami Airport,https://www.marriott.com/hotels/travel/miacs-courtyard-miami-airport/?scid=45f93f1b-bd77-45c9-8dab-83b6a417f6fe,(305) 642-8200,"Miami, FL 33126",1201 NW 42nd Ave,15.3 miles
320,Homestead Studio Suites,http://www.homesteadhotels.com/,(305) 260-0085,"Miami, FL 33126",6605 NW 7th St,13.5 miles
321,JW Marriott Marquis Miami,http://www.marriotthotels.com/,(305) 421-8600,"Miami, FL 33131",345 SE 2nd Ave,17.8 miles
322,Disole Hotel,,(305) 661-7999,"Coral Gables, FL 33146",730 S Dixie Hwy,11.9 miles
323,Executive Tropic Garden Hotel,http://www.executivefantasyhotels.com/,(305) 267-4490,"Miami, FL 33144",6925 SW 8th St,12.5 miles
324,Hampton Inn Miami-Coconut Grove/Coral Gables,http://hamptoninncoconutgrove.com/,(305) 448-2800,"Miami, FL 33133",2800 SW 28th Ter,14 miles
325,Sonesta Bayfront Hotel Coconut Grove,http://www.sonesta.com/coconutgrove,(305) 529-2828,"Miami, FL 33133",2889 Mcfarlane Rd,13.4 miles
326,El Palacio Resort Hotel & Suites,,(305) 624-8401,"Miami, FL 33169",16805 NW 12th Ave,25.1 miles
327,Holiday Inn Miami West - Airport Area,https://www.holidayinn.com/redirect?path=hd&brandCode=hi&hotelCode=miahg&_PMID=99601036&setPMCookies=true&cm_mmc=mdpr-_-yellowpages-_-hi-_-MIAHG&glat=MEDI,(800) 345-8082,"Hialeah, FL 33016",7707 NW 103rd St,18.7 miles
328,Holiday Inn Miami Beach-Oceanfront,https://www.holidayinn.com/redirect?path=hd&brandCode=hi&hotelCode=miamb&_PMID=99601036&setPMCookies=true&cm_mmc=mdpr-_-yellowpages-_-hi-_-MIAMB&glat=MEDI,(800) 345-8082,"Miami Beach, FL 33140",4333 Collins Ave,23 miles
329,Holiday Inn Express & Suites Miami-Hialeah (Miami Lakes),https://www.hiexpress.com/redirect?path=hd&brandCode=ex&hotelCode=miaml&_PMID=99601036&setPMCookies=true&cm_mmc=mdpr-_-yellowpages-_-ex-_-MIAML&glat=MEDI,(800) 345-8082,"Hialeah, FL 33016",6650 W 20th Ave,19.7 miles
330,Crowne Plaza South Beach - Z Ocean Hotel,https://www.crowneplaza.com/redirect?path=hd&brandCode=cp&hotelCode=miasb&_PMID=99601036&setPMCookies=true&cm_mmc=mdpr-_-yellowpages-_-cp-_-MIASB&glat=MEDI,(877) 874-6541,"Miami Beach, FL 33139",1437 Collins Ave,21.4 miles
331,Sun and Surf Inn,http://knightsinnmiami.com/,(305) 893-4540,"Miami, FL 33181",11102 Biscayne Blvd,24 miles
332,Motel Bianco,http://www.knightsinn.com/,(305) 751-8696,"Miami, FL 33137",5255 Biscayne Blvd,20.5 miles
333,Catch Grill & Bar,http://www.marriott.com/hotel-restaurants/miabb-miami-marriott-biscayne-bay/catch-grill-&-bar/5164555/home-page.mi?scid=45f93f1b-bd77-45c9-8dab-83b6a417f6fe,(305) 536-6414,"Miami, FL 33132",1633 N Bayshore Dr,18.8 miles
334,Opera Suites & Marina,http://www.getaroom.com/,(305) 374-4449,"Miami, FL 33132",1750 N Bayshore Dr,18.9 miles
335,Epoque Hotels,,(305) 573-5773,"Miami, FL 33137",350 NE 24th St Ste 104,19.2 miles
336,Picasso Tower Inc,http://www.americanhomeguides.com/,(305) 573-0250,"Miami, FL 33137",2800 Biscayne Blvd,19.3 miles
337,Samda,,(305) 438-2887,"Miami, FL 33137",2800 Biscayne Blvd Ste 300,19.3 miles
338,AC Hotel by Marriott Miami Midtown,https://www.marriott.com/hotels/travel/miaaw-ac-hotel-miami-midtown/?scid=45f93f1b-bd77-45c9-8dab-83b6a417f6fe,(786) 209-0005,"Miami, FL 33137",3400 Biscayne Blvd,19.5 miles
339,Hampton Inn & Suites Miami Midtown,https://ad.doubleclick.net/ddm/clk/317271033;145636969;l;u=Y_MIAMIHX_W_D?http://www3.hilton.com/en_US/hi/doorway/index.htm?sourceCode=00081391&redirectURL=http%3A%2F%2Fwww3.hilton.com%2Fen%2Fhotels%2F0%2FMIAMIHX%2Findex.html%3FWT.mc_id%3DzDA01MB2OLG34YX,(786) 581-0600,"Miami, FL 33137",3450 Biscayne Blvd,19.5 miles
340,Wishes Motel,,(305) 571-5115,"Miami, FL 33137",3530 Biscayne Blvd,19.6 miles
341,Holiday Inn Miami-Doral Area,http://www.holidayinn.com/redirect?path=hd&brandCode=hi&hotelCode=miawc&_PMID=99601036&cm_mmc=mdpr-_-yellowpages-_-hi-_-miawc,(800) 345-8082,"Miami, FL 33147",3255 NW 87th Ter,19.7 miles
342,Edison Terrace,,(305) 756-0556,"Miami, FL 33127",655 NW 56th St,19.8 miles
343,The Setal Hotel,,(305) 751-5402,"Miami, FL 33137",39 NE 59th St,20.3 miles
344,American Tracking Express,,(305) 696-2483,"Miami, FL 33147",10330 NW 33rd Ave,20.5 miles
345,Travelodge by Wyndham Miami Biscayne Bay,http://www.travelodge.com/,(305) 751-8696,"Miami, FL 33137",5255 Biscayne Blvd,20.5 miles
346,Shalimar Motel,http://shalimarmotel.com/,(305) 751-0345,"Miami, FL 33138",6200 Biscayne Blvd,21 miles
347,River Park Hotel,http://magicriverhotel.com/,(305) 371-3187,"Miami, FL 33138",104 NE 78th St,21.2 miles
348,Hotel Mimo,,(305) 456-7233,"Miami, FL 33138",7126 Biscayne Blvd,21.4 miles
349,The Vagabond Hotel,https://www.thevagabondhotelmiami.com/?utm_source=local-directories&utm_medium=organic&utm_campaign=travelclick-localconnect,(305) 400-8420,"Miami, FL 33138",7301 Biscayne Blvd,21.5 miles
350,Esa of Miami,,(305) 846-9970,"Miami, FL 33167",2195 NW 119th St,21.9 miles
351,Azur Hotel,,(786) 558-4422,"Miami, FL 33138",7951 NE Bayshore Ct,22.2 miles
352,SoBe USA,http://www.sobeusa.com/,(786) 603-0184,"Miami, FL 33140",5445 Collins Ave,23.9 miles
353,Knights Inn North Miami,http://www.knightsinn.com/,(305) 893-4540,"Miami, FL 33181",11102 Biscayne Blvd,24 miles
354,Colonial Sunset Inc,,(786) 916-2865,"Miami, FL 33162",17001 NE 9th Ave Apt 10a,26.5 miles
355,International Cruise Food,http://icfh.com/,(305) 653-2042,"Miami, FL 33179",470 NE 185th St,26.9 miles
356,DoubleTree by Hilton Grand Hotel Biscayne Bay,https://ad.doubleclick.net/ddm/clk/317271033;145636969;l;u=Y_MIABSDT_W_D?http://www3.hilton.com/en_US/hi/doorway/index.htm?sourceCode=00081391&redirectURL=http%3A%2F%2Fwww3.hilton.com%2Fen%2Fhotels%2F0%2FMIABSDT%2Findex.html%3FWT.mc_id%3DzDA01MB2OLG34YX,(305) 372-0313,"Miami, FL 33132",1717 N Bayshore Dr,18.8 miles
357,Miami Marriott Biscayne Bay,https://www.marriott.com/hotels/travel/miabb-miami-marriott-biscayne-bay/?scid=45f93f1b-bd77-45c9-8dab-83b6a417f6fe,(305) 374-3900,"Miami, FL 33132",1633 N Bayshore Dr,18.8 miles
358,Hotel Roma Golden Glades,,(305) 624-8401,"Miami, FL 33169",16805 NW 12th Ave,25.1 miles
359,New Yorker Boutique Hotel,http://www.hotelnewyorkermiami.com/,(305) 759-5823,"Miami, FL 33138",6500 Biscayne Blvd,21.1 miles
361,Menin Hotels,,(305) 456-7173,"Miami, FL 33137",3050 Biscayne Blvd Ph 1,19.4 miles
362,Italia,http://italia.org/,(305) 571-5115,"Miami, FL 33137",3530 Biscayne Blvd,19.6 miles
363,Budget Inn,http://www.budget-inn.com/,(305) 691-6080,"Miami, FL 33147",8929 NW 27th Ave,20.1 miles
364,Sanctuary Hotel,,(786) 924-1101,"Miami, FL 33132",1756 N Bayshore Dr,18.9 miles
365,Palm Plaza Motel,,(305) 751-6232,"Miami, FL 33150",7331 N Miami Ave,21 miles
366,Atlantic Beach Hotel,http://miamibeachcdc.org/,(305) 866-0431,"Miami, FL 33132",555 NE 15th St,18.8 miles
367,Real Living Residences,http://www.rlmiami.com/,(305) 573-1999,"Miami, FL 33127",2700 N Miami Ave Apt 401,19 miles
368,Towneplace Suites By Marriott,http://www.marriott.com/towneplace-suites/travel.mi,(305) 718-4144,"Miami, FL 33147",10505 NW 36th Pl,20.4 miles
369,Howard Johnson,http://www.howardjohnson.com/,(305) 945-2402,"Miami, FL 33169",16500 NW 2nd Ave,25.4 miles
370,Holiday Inn Golden Glades,http://holidaysgoldenglades.com/,(305) 949-1441,"Miami, FL 33169",148 NW 167th St,25.6 miles
371,Hilton Miami Downtown,https://ad.doubleclick.net/ddm/clk/317271033;145636969;l;u=Y_MIADTHF_W_D?http://www3.hilton.com/en_US/hi/doorway/index.htm?sourceCode=00081391&redirectURL=http%3A%2F%2Fwww3.hilton.com%2Fen%2Fhotels%2F0%2FMIADTHF%2Findex.html%3FWT.mc_id%3DzDA01MB2OLG34YX,(305) 374-0000,"Miami, FL 33132",1601 Biscayne Blvd,18.7 miles
372,Courtyard by Marriott Miami Aventura Mall,https://www.marriott.com/hotels/travel/miaav-courtyard-miami-aventura-mall/?scid=45f93f1b-bd77-45c9-8dab-83b6a417f6fe,(305) 937-0805,"Miami, FL 33180",2825 NE 191st St,29.1 miles
373,Esa Aventura Inc,http://aventuramall.com/,(305) 682-9696,"Miami, FL 33180",18999 Biscayne Blvd,28.9 miles
374,Avantgarde Hotels,https://www.epoquehotels.com/,(305) 538-9697,"Miami, FL 33180",2941 NE 185th St,28.8 miles
375,Solutions Unique Hotel,http://uniquehotelsolutions.com/,(305) 705-2521,"Miami, FL 33180",19725 NE 24th Ct,29 miles
376,AC Hotel by Marriott Miami Aventura,http://www.marriotthotels.com/,(786) 590-5100,"Miami, FL 33180",20805 Biscayne Blvd,29.9 miles
377,AC Hotel by Marriott Miami Aventura,https://www.marriott.com/hotels/travel/miaan-ac-hotel-miami-aventura/?scid=45f93f1b-bd77-45c9-8dab-83b6a417f6fe,(786) 590-5100,"Miami, FL 33180",20805 Biscayne Blvd,29.9 miles
378,Renaissance Aventura,http://www.alanjmarcus.com/,(305) 931-4855,"Miami, FL 33180",20803 Biscayne Blvd,29.9 miles
379,âme Spa & Wellness Collective,http://amewellness.com/,(305) 933-6930,"Miami, FL 33180",19999 E Country Club Dr,30.1 miles
380,Turnberry Isle Miami Golf Course,http://www.marriott.com/hotels/travel/miatb-turnberry-isle-miami-autograph-collection,(305) 932-6200,"Miami, FL 33180",19999 E Country Club Dr,30.1 miles
381,AME Spa and Wellness Collective,https://www.marriott.com/hotels/hotel-information/fitness-spa-services/miajt-jw-marriott-miami-turnberry-resort-and-spa/?scid=45f93f1b-bd77-45c9-8dab-83b6a417f6fe,(305) 933-6930,"Miami, FL 33180",19999 E Country Club Dr,30.1 miles
382,Bourbon Steak Miami by Michael Mina,https://www.jwturnberry.com/aventura-restaurants/bourbon-steak,(786) 279-6600,"Miami, FL 33180",19999 E Country Club Dr,30.1 miles
383,Residence Inn Aventura,http://marriott.com/,(305) 935-0049,"Miami, FL 33180",21150 NE 38th Ave Apt 2002,30.8 miles
384,Double Park,http://doublepark.org/,(305) 931-9110,"Miami, FL 33180",21200 NE 38th Ave,30.9 miles
385,Presidential Suites,,(305) 370-7100,"Miami, FL 33180",2875 NE 191st St Ste 400,29.1 miles
386,Hotelnparking.com,http://hotelnparking.com/,(888) 989-8289,,,
387,Magnuson Hotel Clearwater Central,http://magnusonclearwater.com/,(727) 451-8900,,,
388,Men Pa'w Gourmet Hot Sauce LLC,http://www.menpawhotsauce.com/,(786) 200-8958,"Miami, FL 33186",,
389,Boutique Hospitality Management,http://www.boutique-hospitality.com/,(305) 728-3000,"Miami Beach, FL 33139",,
390,A Cuba Travel,,(702) 385-9400,,,
391,Miami Beach Rentals,,(305) 244-1002,,,
392,Miami Cruoseport Parking & Hotel,http://www.stay123.com/,(888) 656-7438,,,
393,Ole Travel Inc,,(305) 907-0010,,,
394,El Hostelito,http://www.elhostelito.com/,(252) 862-6231,,,
395,Quality Inn Miami South,https://www.choicehotels.com/florida/miami/quality-inn-hotels/fl113?pmf=yext&mc=llyxyxpx,(305) 251-2000,"Miami, FL 33176",14501 S. Dixie Hwy. -- US 1,
396,Motel 6,http://www.motel6.com/,(305) 253-9960,"Cutler Bay, FL 33189",10775 Caribbean Blvd,3.4 miles
397,Lodgings,,(305) 279-1570,"Miami, FL 33176",8741 SW 94th St,6.9 miles
398,Econo Lodge,http://www.econolodge.com/,(305) 255-8893,"Miami, FL 33156",11211 S Dixie Hwy,6.7 miles
399,Comfort Suites Miami,,(305) 220-3901,"Miami, FL 33175",3901 SW 117th Ave,8.8 miles
400,Marriott Miami Sales Office,http://www.marriott.com/,(305) 670-7440,"Miami, FL 33156",9150 S Dadeland Blvd Ste 1008,7.9 miles
401,Executive Parking Inc.,http://www.executiveparkinginc.com/,(305) 436-3110,"Miami, FL 33185",16246 SW 44th Ter,8.5 miles
402,Comfort Suites Miami - Kendall,https://www.choicehotels.com/florida/miami/comfort-suites-hotels/fl086?pmf=yext&mc=llyxyxpx,(305) 220-3901,"Miami, FL 33175",3901 SW 139th Avenue Rd,8.7 miles
403,Comfort Suites-Miami Kendall,http://www.comfortinn.com/,(305) 220-3901,"Miami, FL 33175",3901 SW 117th Ave,8.8 miles
404,Florida Motels Groups Inc,,(305) 222-8962,"Miami, FL 33175",13780 SW 26th St,9.3 miles
405,Hotel Reservations Club,http://hotres.com/,(786) 347-4067,"Miami, FL 33183",5600 SW 135th Ave Ste 210,7.3 miles
406,Bel Air Motel,,(305) 248-2277,"Homestead, FL 33030",1202 N Krome Ave,9.7 miles
407,Days Inn,http://www.daysinn.com/,(305) 245-1260,"Homestead, FL 33030",51 S Homestead Blvd,10.4 miles
408,Sandals Resorts International,,(800) 213-7831,"Miami, FL 33155",4950 SW 72nd Ave,10.1 miles
409,Miccosukee - Resort & Gaming,https://mrg.miccosukee.com/,(305) 222-4600,"Miami, FL 33194",500 SW 177th Ave,11.7 miles
410,Rodeway Inn South Miami - Coral Gables,https://www.choicehotels.com/florida/south-miami/rodeway-inn-hotels/fl645?pmf=yext&mc=llyxyxpx,(305) 667-6664,"South Miami, FL 33143",5959 SW 71st St,10 miles
411,Nexx Motel,,(305) 247-1077,"Homestead, FL 33030",841 N Krome Ave,9.9 miles
412,Americas Best Value Inn,http://www.americasbestvalueinn.com/,(305) 247-8364,"Homestead, FL 33030",304 N Krome Ave,10.3 miles
413,Everglades Motel,,(305) 247-4117,"Homestead, FL 33030",605 S Krome Ave,10.8 miles
414,Park Motel,,(305) 248-7033,"Homestead, FL 33030",600 S Krome Ave,10.8 miles
415,Holiday Motel Florida City,,(786) 349-5348,"Florida City, FL 33034",1405 N Krome Ave,11 miles
416,Coral Roc Motel,http://coralroc.com/,(305) 246-2888,"Florida City, FL 33034",1100 N Krome Ave,11.2 miles
417,Compass Self Storage,http://www.compassselfstorage.com/,(305) 508-4203,"Florida City, FL 33034",900 N Krome Ave,11.2 miles
418,Pro Land Travel Bureau,http://www.prolandtravel.com/,(305) 221-5352,"Miami, FL 33155",4925 SW 75th Ave,9.9 miles
419,Econo Lodge,http://www.econolodge.com/,(305) 248-9300,"Florida City, FL 33034",553 NE 1st Ave,11.3 miles
420,Days Inn by Wyndham Florida City,,(305) 230-2322,"Homestead, FL 33034",124 E Palm Dr,11.7 miles
421,Julia Inc,,(305) 642-5735,"Miami, FL 33135",3030 W Flagler St,15.3 miles
422,Venus Motel,,(305) 262-1124,"Miami, FL 33144",6891 SW 8th St,12.5 miles
423,Sound Hospitality Management,http://www.soundhospitality.com/,(305) 448-2898,"Miami, FL 33146",3850 Bird Rd Ste 302,13 miles
424,Miami Vacation Rentals-Coconut Grove,https://www.miamivacationrentals.com/en,(305) 606-3421,"Miami, FL 33133",2889 Mcfarlane Rd,13.4 miles
425,Grove Isle Club & Resort,http://palmeirasbeachclub.com/,(305) 858-8300,"Miami, FL 33133",4 Grove Isle Dr,14.9 miles
426,Motel 6,,(305) 649-6770,"Miami, FL 33135",3021 SW 8th St,15 miles
427,Ramona Motel,http://www.ramonamotelmiami.us/,(305) 649-1211,"Miami, FL 33135",3301 W Flagler St,15.1 miles
428,Motel 6,http://www.motel6.com/,(305) 592-5440,"Miami, FL 33166",7330 NW 36th Street Ext,16 miles
429,Premier Resorts & Hotel,,(305) 860-6496,"Miami, FL 33129",2600 SW 3rd Ave Ste 600,16.2 miles
430,Hilton Garden Inn Miami Brickell South,https://ad.doubleclick.net/ddm/clk/317271033;145636969;l;u=Y_MIAKBGI_W_D?http://www3.hilton.com/en_US/hi/doorway/index.htm?sourceCode=00081391&redirectURL=http%3A%2F%2Fwww3.hilton.com%2Fen%2Fhotels%2F0%2FMIAKBGI%2Findex.html%3FWT.mc_id%3DzDA01MB2OLG34YX,(305) 854-2070,"Miami, FL 33129",2500 Brickell Ave,16.2 miles
431,Promodestinos,,(305) 469-5663,"Miami, FL 33166",6923 NW 77th Ave,16.7 miles
432,Brickell Lodging,,(305) 856-9188,"Miami, FL 33129",1750 SW 1st Ave,16.8 miles
433,Habitat Residence,http://www.habitatresidence.com/,(305) 858-0728,"Miami, FL 33129",1700 SW 2nd Ave,16.9 miles
434,One Broadway,http://www.globalluxurysuites.com/accommodation/florida/miami-florida/global-luxury-suites-at-one-broadway,(305) 374-1660,"Miami, FL 33130",1451 S Miami Ave,17.1 miles
435,Brickell First,http://brickellfirst.com/,(786) 507-7300,"Miami, FL 33130",110 SW 12th St,17.1 miles
436,Thunderbird Motel Inc,,(954) 923-6349,"Miami, FL 33130",900 SW 2nd Ave,17.1 miles
437,Carlson Hotels Worldwide,http://carlson.com/,(305) 377-9115,"Miami, FL 33131",999 Brickell Ave Ste 402,17.4 miles
438,Rodeway Inn & Suites,https://www.choicehotels.com/florida/miami/rodeway-inn-hotels/fl202?pmf=yext&mc=llyxyxpx,(305) 374-5100,"Miami, FL 33131",100 SE 4th St,17.7 miles
439,Miami Vacation Rentals-Brickell,https://www.miamivacationrentals.com/,(305) 747-5242,"Miami, FL 33131",485 Brickell Ave,17.7 miles
440,Rentalandrealty.com LLC,http://www.rentalandrealty.com/,(786) 515-4499,"Miami, FL 33131",485 Brickell Ave,17.7 miles
441,Sound Hospitality Management,http://www.soundhospitality.com/,(305) 448-2958,"Miami, FL 33132",270 NE 4th St,18.1 miles
442,Resort World Omni,http://rwbimini.com/,(786) 860-5198,"Miami, FL 33132",1501 Biscayne Blvd Ste 107,18.7 miles
443,Jamaica Motel,,(305) 445-2685,"Coral Gables, FL 33134",4601 SW 8th St,13.9 miles
444,Burke's Motel,http://fl-motels-review.com/,(305) 448-3735,"Coral Gables, FL 33134",4445 SW 8th St,14 miles
445,Starlite West Motel,,(305) 263-6615,"West Miami, FL 33144",6241 SW 8th St,12.9 miles
446,Df Development Corp,,(305) 662-7969,"Coral Gables, FL 33146",4601 Ponce De Leon Blvd,12.3 miles
447,Hyatt Regency Coral Gables,http://www.hyatt.com/,(305) 441-1234,"Coral Gables, FL 33134",50 Alhambra Plz,13.9 miles
448,Imperial Motel,https://m.facebook.com/pages/imperial-motel/115922721764196,(305) 448-3133,"Coral Gables, FL 33134",5180 W Flagler St,13.9 miles
449,La Campina Motel,,(305) 442-1212,"Coral Gables, FL 33134",4425 SW 8th St,14 miles
450,Tamiami Motel,http://www.miamidade.gov/parks/tamiami.asp,(786) 360-2931,"Coral Gables, FL 33134",4391 SW 8th St,14 miles
451,Extacy Motel,,(305) 648-1385,"Coral Gables, FL 33134",4911 W Flagler St,14 miles
452,Quality Inn Florida City - Homestead,https://www.choicehotels.com/florida/florida-city/quality-inn-hotels/fl432?pmf=yext&mc=llyxyxpx,(305) 248-4009,"Homestead, FL 33034",333 SE 1st Ave # 1,12 miles
453,Miami Sun Hotel,http://www.themiamisunhotel.com/,(305) 375-0786,"Miami, FL 33132",226 NE 1st Ave,17.9 miles
454,Grand Emperor Hotel,http://www.executivefantasyhotels.com/executive_grand_emperor.php,(305) 260-9408,"Miami, FL 33144",6581 SW 8th St,12.6 miles
455,Alliance Hotel & Reservation Services,,(305) 597-0377,"Miami, FL 33166",7500 NW 55th St,15.9 miles
456,Days Inn Miami International Airport,http://www.daysinn.com/,(305) 894-6952,"Doral, FL 33126",7250 NW 11th St,13.4 miles
457,Gables Inn,http://www.thegablesinn.net/,(305) 661-7999,"Coral Gables, FL 33146",730 S Dixie Hwy,11.9 miles
458,The Westin Colonnade,http://www.westincoralgables.com/,(305) 441-2600,"Coral Gables, FL 33134",180 Aragon Ave,13.7 miles
459,Motel Blu,http://www.motelblu.com/,(305) 757-8451,"Miami, FL 33138",7700 Biscayne Blvd,21.6 miles
460,Starlite East Motel,http://www.starlitemotelbellflower.com/,(305) 857-9416,"Miami Beach, FL 33139",130 7th Ter,20.2 miles
461,Leeward Motel,,(305) 893-4571,"Miami, FL 33181",11790 Biscayne Blvd,24.5 miles
462,Seven Seas Motel,,(305) 757-1678,"Miami, FL 33137",5940 Biscayne Blvd,20.8 miles
463,Radisson Hotel Miami,,(305) 358-5885,"Miami, FL 33132",1601 Biscayne Blvd,18.7 miles
464,River Park Hotel & Stes Rsrvns,http://riverparkmiami.com/,(305) 377-9148,"Miami, FL 33132",555 NE 15th St Ste 934,18.8 miles
465,POLISH FLORIDA,http://www.polishflorida.com/,(305) 910-9895,"Miami, FL 33132",555 NE 15th St,18.8 miles
466,Days Inn,http://www.daysinn.com/,(305) 756-5121,"Miami, FL 33150",660 NW 81st St,20.8 miles
467,Carl's Motel El Padre,http://www.carlselpadremotel.us/,(305) 754-2092,"Miami, FL 33137",5950 Biscayne Blvd,20.8 miles
468,Sinbad Motel,http://www.motelblu.com/,(305) 751-3110,"Miami, FL 33137",6150 Biscayne Blvd,21 miles
469,King Motel,http://www.mimomotel.com/index.html,(305) 757-2674,"Miami, FL 33138",7150 Biscayne Blvd,21.4 miles
470,D. Travel Place,http://www.dtravelplace.com/,(305) 260-6781,"Miami, FL 33138",8325 NE 2nd Ave,21.6 miles
471,Rodeway Inn Miami,https://www.choicehotels.com/florida/miami/rodeway-inn-hotels/fl917?pmf=yext&mc=llyxyxpx,(305) 949-1441,"Miami, FL 33169",148 NW 167th St,25.6 miles
472,HomeEscape,https://www.homeescape.com/,(888) 423-0002,"Miami, FL 33169",17401 NW 2nd Ave Ste 4,25.9 miles
473,"3S Prod., LLC",,(786) 260-2768,"Miami, FL 33137",250 NE 25th St Apt 1403,19.1 miles
474,Tei Vacations Inc,http://www.teivacationsinc.com/,(305) 438-1448,"Miami, FL 33137",600 NE 36th St Ste C-3,19.8 miles
475,Aloft Miami Aventura,https://www.marriott.com/hotels/travel/miaaa-aloft-miami-aventura/?scid=45f93f1b-bd77-45c9-8dab-83b6a417f6fe,(786) 590-5150,"Miami, FL 33180",2910 NE 207th St,29.9 miles
476,JW Marriott Miami Turnberry Resort & Spa,https://www.marriott.com/hotels/travel/miajt-jw-marriott-miami-turnberry-resort-and-spa/?scid=45f93f1b-bd77-45c9-8dab-83b6a417f6fe,(305) 932-6200,"Miami, FL 33180",19999 E Country Club Dr,30.1 miles
